{"assets/Ajouter.png":["assets/Ajouter.png"],"packages/cupertino_icons/assets/CupertinoIcons.ttf":["packages/cupertino_icons/assets/CupertinoIcons.ttf"],"assets/Room.ttf":["assets/Room.ttf"],"assets/Tunis.jpg":["assets/Tunis.jpg"],"assets/add.png":["assets/add.png"],"assets/app.png":["assets/app.png"],"assets/appartement.png":["assets/appartement.png"],"assets/locale/ar-FR.json":["assets/locale/ar-FR.json"],"assets/bungalow.png":["assets/bungalow.png"],"assets/bureau.png":["assets/bureau.png"],"assets/chat.png":["assets/chat.png"],"assets/connect.png":["assets/connect.png"],"assets/default.png":["assets/default.png"],"assets/empty.png":["assets/empty.png"],"assets/flag.png":["assets/flag.png"],"assets/locale/fr-FR.json":["assets/locale/fr-FR.json"],"packages/flutter_google_places/assets/google_black.png":["packages/flutter_google_places/assets/google_black.png"],"assets/google_logo.png":["assets/google_logo.png"],"packages/flutter_google_places/assets/google_white.png":["packages/flutter_google_places/assets/google_white.png"],"assets/lister.png":["assets/lister.png"],"assets/mahdia.jpg":["assets/mahdia.jpg"],"assets/maison.png":["assets/maison.png"],"assets/map.png":["assets/map.png"],"assets/mapicon.png":["assets/mapicon.png"],"assets/message.png":["assets/message.png"],"assets/monastir.jpg":["assets/monastir.jpg"],"assets/nabeul.jpg":["assets/nabeul.jpg"],"assets/offline.png":["assets/offline.png"],"assets/recherche.png":["assets/recherche.png"],"assets/sfax.jpg":["assets/sfax.jpg"],"assets/sousse.jpg":["assets/sousse.jpg"],"assets/splash.png":["assets/splash.png"],"assets/studio.png":["assets/studio.png"],"assets/villa.png":["assets/villa.png"]}